{
	"object": {
		"Chair": 1.5081895291020766,
		"GarbageCan": 2.0482621648460775,
		"Microwave": 1.933445819272591,
		"Bread": 1.4315657967795667,
		"Lettuce": 1.9017149179420987,
		"Toaster": 1.8472147590900951,
		"Tomato": 1.992850241545894,
		"Bowl": 5.8596590909090915,
		"Knife": 1.8867544822539335,
		"Mug": 1.0,
		"ButterKnife": 3.9362595419847333,
		"Fridge": 1.804865243262163,
		"CoffeeMachine": 1.8747500454462824,
		"Apple": 1.8334222222222223,
		"Egg": 2.2283923941227313,
		"Potato": 1.971515962531065,
		"Plate": 3.805535055350554,
		"Container": 1.9367136150234743,
		"Spoon": 4.641314131413142,
		"Pot": 8.5656146179402,
		"Pan": 7.424766018718502,
		"HousePlant": 18.75090909090909,
		"Sink": 52.61734693877551
	},
	"color": {
		"black": 4.972375690607734,
		"brown": 1.0,
		"green": 10.050761421319796,
		"red": 5.9638554216867465,
		"gray": 3.996447602131439,
		"yellow": 3.8738456722491783,
		"blue": 15.459088069956277
	},
	"open_state": {
		"unable": 1.0
	},
	"relationship": {
		"background": 26.109243697478995,
		"in_front_of": 1.0433176628609804,
		"behind": 1.0,
		"left_of": 1.159328358208955,
		"right_of": 1.1190347559877545,
		"in": 2.1390705679862307,
		"over": 4.9122529644268775,
		"under": 4.270790378006873
	}
}