{
	"R": {
		"iou_threhold": 0.4,
		"object_scores": {
			"recall": 0.9939883181327851,
			"precision": 0.9992450716845878
		},
		"sgg_score": 0.8240054365868094,
		"sgg_score_per_step": {
			"0": 0.9571428571428571,
			"1": 0.9732142857142857,
			"2": 0.9770214904143474,
			"3": 0.9770214904143474,
			"4": 0.9528104707792208,
			"5": 0.9457469613719613,
			"6": 0.9434367715617716,
			"7": 0.9288851906640367,
			"8": 0.9299369371201951,
			"9": 0.9288698652537938,
			"10": 0.9212805795395081,
			"11": 0.9139072354650362,
			"12": 0.9156027697970155,
			"13": 0.9128220017145232,
			"14": 0.9001029523215122,
			"15": 0.9025179811775705,
			"16": 0.9198096528776417,
			"17": 0.9042424708766361,
			"18": 0.8891000651454196,
			"19": 0.8858578855545508,
			"20": 0.8857510766804764,
			"21": 0.8885847413017998,
			"22": 0.8707709718890416,
			"23": 0.8728029451098607,
			"24": 0.8713146017594661,
			"25": 0.8659068043625044,
			"26": 0.8663330477343472,
			"27": 0.863541809540506,
			"28": 0.8653197980497521,
			"29": 0.8635961623927336,
			"30": 0.8523636693064109,
			"31": 0.8208623686131366,
			"32": 0.8165258390187172,
			"33": 0.816400729864476,
			"34": 0.8159084965027052,
			"35": 0.8132360141229997,
			"36": 0.8411615973117408,
			"37": 0.8403861514798568,
			"38": 0.8401757823291537,
			"39": 0.8374613383951968,
			"40": 0.8352916202242568,
			"41": 0.8352331393329949,
			"42": 0.8366465869124898,
			"43": 0.8207236590693128,
			"44": 0.8220263306755897,
			"45": 0.8213570086945978,
			"46": 0.8204896200194892,
			"47": 0.8170999247493578,
			"48": 0.8111701841814274,
			"49": 0.7952813177954168,
			"50": 0.7983071322966412,
			"51": 0.7953677972662087,
			"52": 0.7833790741500872,
			"53": 0.7853389799642292,
			"54": 0.7364307723219019,
			"55": 0.7264034977065265,
			"56": 0.7272027200898816,
			"57": 0.7273632912658617,
			"58": 0.7147595142799338,
			"59": 0.7144911445206826,
			"60": 0.7176214120957415,
			"61": 0.7201149770893066,
			"62": 0.7246245392356209,
			"63": 0.7240200462109151,
			"64": 0.7230206115302947,
			"65": 0.7144208714393266,
			"66": 0.7210279465735051,
			"67": 0.7183702806796599,
			"68": 0.7670027487043773,
			"69": 0.7762855304654201,
			"70": 0.7777657521837372,
			"71": 0.7793140579652111,
			"72": 0.760729261483683,
			"73": 0.7510879019177656,
			"74": 0.7402665812946546,
			"75": 0.7385697487154692,
			"76": 0.790907940875591,
			"77": 0.7721238264393026,
			"78": 0.7978791252600776,
			"79": 0.7978791252600776,
			"80": 0.7978791252600776,
			"81": 0.7978791252600776,
			"82": 0.7995025018834543,
			"83": 0.8012031821555631,
			"84": 0.8012031821555631,
			"85": 0.8012031821555631,
			"86": 0.8139458000569113,
			"87": 0.8113947796487481,
			"88": 0.8021355203894887,
			"89": 0.796556838223505,
			"90": 0.796556838223505,
			"91": 0.8200617283950618,
			"92": 0.8039906103286385,
			"93": 0.8027426160337553,
			"94": 0.8333333333333334,
			"95": 0.7619047619047619,
			"96": 0.7619047619047619
		}
	},
	"OR": {
		"iou_threhold": 0.4,
		"object_scores": {
			"recall": 0.833725819367413,
			"precision": 0.9935599329964647
		},
		"sgg_score": 0.643097686546892,
		"sgg_score_per_step": {
			"0": 0.7071428571428571,
			"1": 0.744047619047619,
			"2": 0.679321273964131,
			"3": 0.7194998453927025,
			"4": 0.6509909361471861,
			"5": 0.6545464951714952,
			"6": 0.6335154428904428,
			"7": 0.6479146120973044,
			"8": 0.6022828133405056,
			"9": 0.6009476386708528,
			"10": 0.6056410438106866,
			"11": 0.6159253110263448,
			"12": 0.6095983896120012,
			"13": 0.5918603661412192,
			"14": 0.618336642791511,
			"15": 0.6806260784964937,
			"16": 0.677625700223535,
			"17": 0.6453019822748172,
			"18": 0.6458850005472409,
			"19": 0.6409394419012473,
			"20": 0.6576629372423003,
			"21": 0.6640046536021654,
			"22": 0.6794036902074849,
			"23": 0.6913305193117047,
			"24": 0.6708017961644146,
			"25": 0.6639008396504551,
			"26": 0.6621856887513948,
			"27": 0.6588844636093592,
			"28": 0.6666416366007205,
			"29": 0.6646440034033522,
			"30": 0.6346993491038899,
			"31": 0.623586848907641,
			"32": 0.6156961030583032,
			"33": 0.6081045087668154,
			"34": 0.5983862648555299,
			"35": 0.5802686443974466,
			"36": 0.5805468749388351,
			"37": 0.5893358410281774,
			"38": 0.5739288520594007,
			"39": 0.5745216433763525,
			"40": 0.5718838407072276,
			"41": 0.5803190536397587,
			"42": 0.5858523676844104,
			"43": 0.5977727626772579,
			"44": 0.5902522699575242,
			"45": 0.5999953534079131,
			"46": 0.6107376472072316,
			"47": 0.6129770283398016,
			"48": 0.6141990891330972,
			"49": 0.6094105056103087,
			"50": 0.6162419695319367,
			"51": 0.6329145421284222,
			"52": 0.6329725646042351,
			"53": 0.6341943734891448,
			"54": 0.5940567660874718,
			"55": 0.5797726490688011,
			"56": 0.5815661058065151,
			"57": 0.5759295632024856,
			"58": 0.5565250521961439,
			"59": 0.5571040071823937,
			"60": 0.5538597141989143,
			"61": 0.5565274028960149,
			"62": 0.5621369170845073,
			"63": 0.5677297456507401,
			"64": 0.5645162231798959,
			"65": 0.552987401124758,
			"66": 0.5646968244441586,
			"67": 0.5861277336601833,
			"68": 0.6402473047091823,
			"69": 0.6511801983045563,
			"70": 0.6508085681710215,
			"71": 0.6550526076608874,
			"72": 0.6266649516568634,
			"73": 0.6464743039654068,
			"74": 0.6498909512567345,
			"75": 0.6652139022386854,
			"76": 0.6989766237359405,
			"77": 0.6723137214208642,
			"78": 0.6838104338104338,
			"79": 0.6838104338104338,
			"80": 0.6838104338104338,
			"81": 0.6838104338104338,
			"82": 0.6838104338104338,
			"83": 0.6816845834702978,
			"84": 0.6816845834702978,
			"85": 0.6816845834702978,
			"86": 0.716501449140338,
			"87": 0.7144464604782065,
			"88": 0.7051872012189473,
			"89": 0.6868486451819785,
			"90": 0.6868486451819785,
			"91": 0.7521604938271604,
			"92": 0.8333333333333334,
			"93": 0.8333333333333334,
			"94": 0.8333333333333334,
			"95": 0.7619047619047619,
			"96": 0.7619047619047619
		}
	},
	"OAR": {
		"iou_threhold": 0.4,
		"object_scores": {
			"recall": 0.833725819367413,
			"precision": 0.9935599329964647
		},
		"sgg_score": 0.3901288899108493,
		"sgg_score_per_step": {
			"0": 0.4238095238095238,
			"1": 0.4075892857142857,
			"2": 0.43103483817769533,
			"3": 0.44740388579674295,
			"4": 0.42282760642135636,
			"5": 0.4049689893439894,
			"6": 0.39996357808857813,
			"7": 0.4009841387245233,
			"8": 0.39955568564165844,
			"9": 0.389193321559393,
			"10": 0.3762091000930287,
			"11": 0.3773167800070995,
			"12": 0.35060327159051413,
			"13": 0.3449967995185248,
			"14": 0.3692397781393725,
			"15": 0.40896678703022665,
			"16": 0.42415056714535687,
			"17": 0.40389509957371283,
			"18": 0.37914701651894117,
			"19": 0.3959133845294977,
			"20": 0.38349137216865814,
			"21": 0.38130775219919416,
			"22": 0.4110644256568046,
			"23": 0.41135285213557765,
			"24": 0.40287226969016704,
			"25": 0.3929710104910308,
			"26": 0.4079931228080596,
			"27": 0.40765892719197094,
			"28": 0.4049124996311351,
			"29": 0.3965193862285158,
			"30": 0.40632113897529537,
			"31": 0.3705712631346906,
			"32": 0.36610488348618553,
			"33": 0.3730990378079757,
			"34": 0.37776510863330137,
			"35": 0.37486665045836026,
			"36": 0.37466904105022447,
			"37": 0.3843696003849812,
			"38": 0.37494637221344274,
			"39": 0.37761911737111953,
			"40": 0.3770405302838399,
			"41": 0.3857069269341768,
			"42": 0.3645823201795995,
			"43": 0.3676650096947174,
			"44": 0.3649933577820787,
			"45": 0.3740461211161513,
			"46": 0.3653728400906209,
			"47": 0.3636972956828784,
			"48": 0.3650120562512854,
			"49": 0.36110739628475,
			"50": 0.36651585525454317,
			"51": 0.37897079765513775,
			"52": 0.3923547971132676,
			"53": 0.3913396918737856,
			"54": 0.3710678466926845,
			"55": 0.35850664063033433,
			"56": 0.3593176583223476,
			"57": 0.366647318354325,
			"58": 0.35585061335853535,
			"59": 0.3577702109848199,
			"60": 0.333665452481068,
			"61": 0.31927374985407125,