{
	"R": {
		"iou_threhold": 0.5,
		"average_score": 0.9816269028692954,
		"score_per_step": {
			"0": 1.0,
			"1": 1.0,
			"2": 1.0,
			"3": 1.0,
			"4": 1.0,
			"5": 1.0,
			"6": 0.99,
			"7": 0.99,
			"8": 0.9910714285714286,
			"9": 0.9910714285714286,
			"10": 0.9910714285714286,
			"11": 0.9721638655462185,
			"12": 0.9770408163265306,
			"13": 0.9868220015278839,
			"14": 0.9872764152683018,
			"15": 0.9872764152683018,
			"16": 0.9872764152683018,
			"17": 0.9872764152683018,
			"18": 0.9872764152683018,
			"19": 0.9872764152683018,
			"20": 0.9872764152683018,
			"21": 0.9861269899809455,
			"22": 0.9861269899809455,
			"23": 0.9863689742519678,
			"24": 0.9811965604588644,
			"25": 0.981282983412801,
			"26": 0.9865867600958879,
			"27": 0.97969020837175,
			"28": 0.972793656647612,
			"29": 0.972793656647612,
			"30": 0.9729608457803184,
			"31": 0.9729608457803184,
			"32": 0.975259696355031,
			"33": 0.975259696355031,
			"34": 0.975259696355031,
			"35": 0.975259696355031,
			"36": 0.975259696355031,
			"37": 0.975259696355031,
			"38": 0.975259696355031,
			"39": 0.975259696355031,
			"40": 0.975259696355031,
			"41": 0.9734270812702185,
			"42": 0.9731194295900178,
			"43": 0.9731194295900178,
			"44": 0.9761301822781898,
			"45": 0.9775549613784907,
			"46": 0.9775549613784907,
			"47": 0.9775549613784907,
			"48": 0.9775549613784907,
			"49": 0.9775549613784907,
			"50": 0.9809269162210339,
			"51": 0.97551450332199,
			"52": 0.9800599578674446,
			"53": 0.97551450332199,
			"54": 0.97551450332199,
			"55": 0.97551450332199,
			"56": 0.97551450332199,
			"57": 0.9800599578674446,
			"58": 0.9800599578674446,
			"59": 0.9800599578674446,
			"60": 0.9800599578674446,
			"61": 0.9800599578674446,
			"62": 0.9800599578674446,
			"63": 0.9800599578674446,
			"64": 0.9791104320516085,
			"65": 0.9730659536541889,
			"66": 0.9730659536541889,
			"67": 0.9730659536541889,
			"68": 0.969097699685935,
			"69": 0.9674712628273,
			"70": 0.9674712628273,
			"71": 0.96566411076215,
			"72": 0.9613721246074187,
			"73": 0.9721302662479132,
			"74": 0.9703714819261038,
			"75": 0.9654333955804545,
			"76": 0.9654333955804545,
			"77": 0.9622909769968594,
			"78": 0.9622909769968594,
			"79": 0.9539111941072727,
			"80": 0.9539111941072727,
			"81": 0.9539111941072727,
			"82": 0.9539111941072727,
			"83": 0.9539111941072727,
			"84": 0.9539111941072727,
			"85": 0.9539111941072727,
			"86": 0.9539111941072727,
			"87": 0.9580707282913166,
			"88": 0.9520808323329332,
			"89": 0.9520808323329332,
			"90": 0.9520808323329332,
			"91": 0.9520808323329332,
			"92": 0.9520808323329332,
			"93": 0.9520808323329332,
			"94": 0.9440943043884221,
			"95": 0.9440943043884221,
			"96": 0.9440943043884221,
			"97": 0.9441176470588236,
			"98": 0.9441176470588236,
			"99": 0.9510306686777276,
			"100": 0.9510306686777276,
			"101": 0.9294871794871795,
			"102": 0.9294871794871795,
			"103": 0.9294871794871795,
			"104": 0.9294871794871795,
			"105": 0.9294871794871795,
			"106": 0.9294871794871795,
			"107": 0.9294871794871795,
			"108": 0.9294871794871795,
			"109": 0.9294871794871795,
			"110": 1.0,
			"111": 1.0,
			"112": 1.0,
			"113": 1.0,
			"114": 1.0,
			"115": 1.0,
			"116": 1.0,
			"117": 1.0,
			"118": 1.0,
			"119": 1.0,
			"120": 1.0,
			"121": 1.0,
			"122": 1.0,
			"123": 1.0,
			"124": 1.0,
			"125": 1.0,
			"126": 1.0,
			"127": 1.0,
			"128": 1.0,
			"129": 1.0,
			"130": 1.0,
			"131": 1.0,
			"132": 1.0,
			"133": 1.0,
			"134": 1.0,
			"135": 1.0,
			"136": 1.0,
			"137": 1.0,
			"138": 1.0,
			"139": 1.0,
			"140": 1.0,
			"141": 1.0,
			"142": 1.0,
			"143": 1.0,
			"144": 1.0,
			"145": 1.0,
			"146": 1.0,
			"147": 1.0,
			"148": 1.0,
			"149": 1.0,
			"150": 1.0,
			"151": 1.0,
			"152": 1.0,
			"153": 1.0,
			"154": 1.0,
			"155": 1.0,
			"156": 1.0,
			"157": 1.0,
			"158": 1.0,
			"159": 1.0,
			"160": 1.0,
			"161": 1.0,
			"162": 1.0,
			"163": 1.0,
			"164": 1.0,
			"165": 1.0,
			"166": 1.0,
			"167": 1.0,
			"168": 1.0,
			"169": 1.0,
			"170": 1.0,
			"171": 1.0,
			"172": 1.0,
			"173": 1.0,
			"174": 1.0,
			"175": 1.0,
			"176": 1.0,
			"177": 1.0,
			"178": 1.0,
			"179": 1.0,
			"180": 1.0,
			"181": 1.0
		}
	},
	"OR": {
		"iou_threhold": 0.5,
		"average_score": 0.8222936007762576,
		"score_per_step": {
			"0": 0.6818181818181818,
			"1": 0.6108630952380953,
			"2": 0.638655462184874,
			"3": 0.6648904006046864,
			"4": 0.6816378066378067,
			"5": 0.70627405002405,
			"6": 0.748023088023088,
			"7": 0.7263564213564214,
			"8": 0.6990040713254998,
			"9": 0.704772211915069,
			"10": 0.6874928821503763,
			"11": 0.6627854991971951,
			"12": 0.6652078048155331,
			"13": 0.7099940584778371,
			"14": 0.7029889676907607,
			"15": 0.712745398998916,
			"16": 0.6787104684122613,
			"17": 0.634350613707579,
			"18": 0.6394099222151634,
			"19": 0.6133911134377338,
			"20": 0.6309643355437702,
			"21": 0.6234680836697073,
			"22": 0.6330092413305938,
			"23": 0.6251896552676037,
			"24": 0.6296573410432811,
			"25": 0.6307376279674881,
			"26": 0.6432107462470581,
			"27": 0.6389237005807021,
			"28": 0.6336863271737938,
			"29": 0.6309956270693007,
			"30": 0.6372234528938054,
			"31": 0.6434431026706242,
			"32": 0.6513836962683485,
			"33": 0.6504258418622183,
			"34": 0.6741649926949652,
			"35": 0.6823715971105646,
			"36": 0.6826310433108571,
			"37": 0.6826310433108571,
			"38": 0.6826310433108571,
			"39": 0.6850222986635729,
			"40": 0.6907694251003546,
			"41": 0.6678634565892696,
			"42": 0.6811912262567301,
			"43": 0.6903254089620704,
			"44": 0.6933786066604294,
			"45": 0.7230663560212117,
			"46": 0.7324413560212117,
			"47": 0.7478273589072145,
			"48": 0.7606845017643575,
			"49": 0.780128946208802,
			"50": 0.770569335174402,
			"51": 0.7687986772494289,
			"52": 0.7687986772494289,
			"53": 0.7687986772494289,
			"54": 0.7747566527261209,
			"55": 0.7840049801562666,
			"56": 0.7837941520233606,
			"57": 0.7896449437694045,
			"58": 0.790916399586315,
			"59": 0.7949270947734807,
			"60": 0.7951066781400702,
			"61": 0.7951066781400702,
			"62": 0.7951066781400702,
			"63": 0.7951066781400702,
			"64": 0.8033554982617129,
			"65": 0.7976141822657077,
			"66": 0.8032816295724994,
			"67": 0.8032816295724994,
			"68": 0.7997238846354441,
			"69": 0.7965269777068322,
			"70": 0.7965269777068322,
			"71": 0.7931594288492753,
			"72": 0.7673043574554347,
			"73": 0.7651246479524636,
			"74": 0.7465817460401201,
			"75": 0.7533428641144758,
			"76": 0.7533428641144758,
			"77": 0.7557128765546346,
			"78": 0.7585100793518376,
			"79": 0.7597583279938295,
			"80": 0.7628447477469159,
			"81": 0.7628447477469159,
			"82": 0.767972952875121,
			"83": 0.761957915281136,
			"84": 0.761957915281136,
			"85": 0.761957915281136,
			"86": 0.761957915281136,
			"87": 0.7540280515166748,
			"88": 0.7657276092274881,
			"89": 0.7601253683311295,
			"90": 0.7611974669642037,
			"91": 0.7667997078605622,
			"92": 0.7667997078605622,
			"93": 0.7667997078605622,
			"94": 0.7548147129340967,
			"95": 0.7548147129340967,
			"96": 0.7548147129340967,
			"97": 0.7554916503757401,
			"98": 0.7554916503757401,
			"99": 0.7661754110595007,
			"100": 0.7661754110595007,
			"101": 0.7623350120140877,
			"102": 0.7623350120140877,
			"103": 0.7623350120140877,
			"104": 0.7623350120140877,
			"105": 0.7623350120140877,
			"106": 0.7623350120140877,
			"107": 0.7623350120140877,
			"108": 0.7623350120140877,
			"109": 0.7623350120140877,
			"110": 0.8284124946512623,
			"111": 0.8284124946512623,
			"112": 0.8284124946512623,
			"113": 0.8284124946512623,
			"114": 0.8284124946512623,
			"115": 0.8284124946512623,
			"116": 0.8284124946512623,
			"117": 0.8284124946512623,
			"118": 0.8284124946512623,
			"119": 0.8284124946512623,
			"120": 0.8284124946512623,
			"121": 0.8284124946512623,
			"122": 0.9268292682926829,
			"123": 0.9268292682926829,
			"124": 0.9268292682926829,
			"125": 0.9268292682926829,
			"126": 1.0,
			"127": 1.0,