{
	"object": {
		"Mug": 1.0,
		"Tomato": 3.1494505494505494,
		"Bread": 1.5678336980306344,
		"Potato": 2.2460815047021945,
		"Fridge": 1.056005895357406,
		"Spoon": 6.856459330143541,
		"ButterKnife": 5.154676258992806,
		"Plate": 6.0210084033613445,
		"Toaster": 1.5764576457645765,
		"Knife": 2.0098176718092566,
		"Microwave": 1.4773195876288658,
		"CoffeeMachine": 1.8002512562814068,
		"GarbageCan": 2.7140151515151514,
		"Chair": 1.5610021786492374,
		"Container": 1.99860529986053,
		"Egg": 3.609571788413098,
		"Apple": 2.23208722741433,
		"Lettuce": 2.7037735849056603,
		"Pot": 12.794642857142858,
		"Pan": 15.084210526315788,
		"Bowl": 6.990243902439024,
		"HousePlant": 34.951219512195124,
		"Sink": 102.35714285714286
	},
	"color": {
		"gray": 2.972933784436926,
		"red": 7.253537735849056,
		"brown": 1.0,
		"blue": 11.627599243856332,
		"yellow": 3.721113127646703,
		"black": 5.0625514403292176,
		"green": 9.671383647798743,
		"white": 768.875
	},
	"open_state": {
		"unable": 1.0,
		"close": 8.794453507340947,
		"open": 9.792915531335149
	},
	"relationship": {
		"background": 1946.25,
		"in_front_of": 2.1399120395821876,
		"behind": 2.1399120395821876,
		"left_of": 1.0,
		"right_of": 1.0,
		"in": 5.447865640307907,
		"over": 11.90366972477064,
		"under": 11.90366972477064
	}
}