{
	"objects": {
		"Mug": {
			"size_3d": [
				0.12453591673838368,
				0.102929533021856,
				0.11086821535294154
			]
		},
		"Tomato": {
			"size_3d": [
				0.0685392079445032,
				0.058979173348500176,
				0.06760394583036611
			]
		},
		"Bread": {
			"size_3d": [
				0.3163667571296838,
				0.1479895942451135,
				0.227852863657005
			]
		},
		"Potato": {
			"size_3d": [
				0.10169447206404515,
				0.07067684105197464,
				0.0816347563995463
			]
		},
		"Fridge": {
			"size_3d": [
				0.7706766877880673,
				1.5445613941903842,
				0.43755683753098645
			]
		},
		"Spoon": {
			"size_3d": [
				0.20208069981570448,
				0.019477367401123047,
				0.08793784980996373
			]
		},
		"ButterKnife": {
			"size_3d": [
				0.2635520113457879,
				0.009305715560913086,
				0.08613558799671613
			]
		},
		"Plate": {
			"size_3d": [
				0.20193149428032026,
				0.011753559112548828,
				0.20193144979597138
			]
		},
		"Toaster": {
			"size_3d": [
				0.3339859641621215,
				0.21531990540958737,
				0.22416087761275447
			]
		},
		"Knife": {
			"size_3d": [
				0.31148043421174165,
				0.03550339982352451,
				0.12165052070691242
			]
		},
		"Microwave": {
			"size_3d": [
				0.5056656937623761,
				0.29032823867404584,
				0.3675928909754016
			]
		},
		"CoffeeMachine": {
			"size_3d": [
				0.334264382869754,
				0.3857459926125991,
				0.2655440854217539
			]
		},
		"GarbageCan": {
			"size_3d": [
				0.39619988225626224,
				0.3961998236676057,
				0.3961997644016237
			]
		},
		"Chair": {
			"size_3d": [
				0.5102643084941606,
				0.8089252650607904,
				0.4338304665028919
			]
		},
		"Container": {
			"size_3d": [
				0.11139294547723759,
				0.2542605400708929,
				0.11139284736233941
			]
		},
		"Egg": {
			"size_3d": [
				0.05886067632557613,
				0.07648215970254364,
				0.058647997508421354
			]
		},
		"Apple": {
			"size_3d": [
				0.08906002581769432,
				0.09269370505371569,
				0.08645419217065858
			]
		},
		"Lettuce": {
			"size_3d": [
				0.19197991265440886,
				0.20974169463481543,
				0.1620239197786124
			]
		},
		"Pot": {
			"size_3d": [
				0.2371372346367155,
				0.24000006488391332,
				0.23713714044008935
			]
		},
		"Pan": {
			"size_3d": [
				0.23614929726249292,
				0.049999954512244774,
				0.21052074934306897
			]
		},
		"Bowl": {
			"size_3d": [
				0.19802889918408742,
				0.058798128221093156,
				0.19802883768953927
			]
		},
		"HousePlant": {
			"size_3d": [
				0.12713656738037016,
				0.13732031496559702,
				0.12712071581584652
			]
		},
		"Sink": {
			"size_3d": [
				0.833707332611084,
				0.22047650814056396,
				0.5355501174926758
			]
		}
	}
}